<?xml version="1.0" encoding="UTF-8"?>
<project-private xmlns="http://www.netbeans.org/ns/project-private/1">
    <editor-bookmarks xmlns="http://www.netbeans.org/ns/editor-bookmarks/2" lastBookmarkId="0"/>
    <open-files xmlns="http://www.netbeans.org/ns/projectui-open-files/2">
        <group>
            <file>file:/C:/wamp64/www/web-development-final/sqlquiz/trainer_edit_quiz.php</file>
            <file>file:/C:/wamp64/www/web-development-final/sqlquiz/controller/logout.php</file>
            <file>file:/C:/wamp64/www/web-development-final/sqlquiz/trainer_quiz.php</file>
            <file>file:/C:/wamp64/www/web-development-final/sqlquiz/controller/logincheck.php</file>
            <file>file:/C:/wamp64/www/web-development-final/sqlquiz/evaluation.php</file>
            <file>file:/C:/wamp64/www/web-development-final/sqlquiz/quiz.php</file>
            <file>file:/C:/wamp64/www/web-development-final/sqlquiz/trainer.php</file>
            <file>file:/C:/wamp64/www/web-development-final/sqlquiz/controller/quizGet.php</file>
            <file>file:/C:/wamp64/www/web-development-final/sqlquiz/index.php</file>
            <file>file:/C:/wamp64/www/web-development-final/sqlquiz/controller/trainer_save_quiz.php</file>
            <file>file:/C:/wamp64/www/web-development-final/sqlquiz/login.php</file>
        </group>
    </open-files>
</project-private>
